Rank,Name,Platform,Year,Genre,Publisher,NA_Sales,EU_Sales,JP_Sales,Other_Sales,Global_Sales
30,Call of Duty: Modern Warfare 3,X360,31,Shooter,Activision,378,269,13,115,418
536,Professor Layton and the Last Specter,DS,29,Puzzle,Nintendo,25,143,62,34,102
697,God of War: Ascension,PS3,33,Action,Sony Computer Entertainment,113,67,4,34,53
558,Madden NFL 11,X360,30,Sports,Electronic Arts,222,12,0,18,92
838,Madden NFL 15,PS4,34,Sports,Electronic Arts,143,25,0,25,27
597,WWE SmackDown vs. RAW 2007,PS2,26,Fighting,THQ,130,87,3,26,81
166,Pokemon Stadium,N64,19,Strategy,Nintendo,279,123,86,9,294
920,High School Musical: Sing It!,PS2,27,Misc,Disney Interactive Studios,37,8,0,116,11
496,Sonic Mega Collection Plus,PS2,24,Misc,Sega,144,113,0,22,113
826,Pokémon Mystery Dungeon: Blue Rescue Team,DS,25,Role-Playing,Nintendo,106,6,77,0,29
66,Halo 4,X360,32,Shooter,Microsoft Game Studios,361,214,4,73,383
142,Gears of War,X360,26,Shooter,Microsoft Game Studios,298,179,7,60,315
927,Shrek 2,PS2,24,Platform,Activision,102,68,3,2,10
829,NBA Jam,GEN,12,Sports,Arena Entertainment,165,25,0,5,29
657,Dead Island,X360,31,Action,Deep Silver,138,70,0,20,63
332,The Witcher 3: Wild Hunt,PS4,35,Role-Playing,Namco Bandai Games,86,189,21,56,184
666,Madden NFL 08,X360,27,Sports,Electronic Arts,206,1,0,18,61
250,Winning Eleven: Pro Evolution Soccer 2007,PS2,26,Sports,Konami Digital Entertainment,8,216,95,85,231
909,Star Wars Rogue Leader: Rogue Squadron II,GC,21,Simulation,LucasArts,93,74,3,9,14
710,Kirby: Nightmare in Dream Land,GBA,22,Platform,Nintendo,112,10,83,4,51
306,Donkey Kong Land,GB,14,Platform,Nintendo,186,75,97,11,198
736,Frogger,2600,1,Action,Parker Bros.,195,12,0,2,44
977,Professor Layton and the Mask of Miracle,3DS,31,Puzzle,Nintendo,27,94,34,14,2
50,Pokemon Omega Ruby/Pokemon Alpha Sapphire,3DS,34,Role-Playing,Nintendo,326,252,186,65,399
898,Monopoly,Wii,28,Misc,Electronic Arts,77,84,0,20,16
3,Mario Kart Wii,Wii,28,Racing,Nintendo,394,302,200,151,445
545,Missile Command,2600,0,Shooter,Atari,238,17,0,3,99
351,Resident Evil 4,PS2,25,Action,Capcom,197,82,43,25,174
906,Game Party 2,Wii,28,Misc,Midway Games,120,43,0,17,15
537,Monster Hunter Tri,3DS,31,Role-Playing,Nintendo,36,29,146,7,102
345,Gran Turismo 6,PS3,33,Racing,Sony Computer Entertainment,61,171,38,74,176
996,Tom Clancy's Ghost Recon,XB,22,Shooter,Ubisoft,113,45,0,7,0
482,Kirby Super Star Ultra,DS,28,Platform,Nintendo,147,4,106,15,119
576,LEGO Star Wars: The Complete Saga,X360,27,Action,LucasArts,143,86,0,24,87
34,Call of Duty: Black Ops 3,PS4,35,Shooter,Activision,350,284,33,143,415
32,Call of Duty: Black Ops,X360,30,Shooter,Activision,384,262,11,106,417
232,The Legend of Zelda: A Link to the Past,SNES,11,Action,Nintendo,226,90,104,13,245
965,Sonic Advance 2,GBA,22,Platform,Sega,83,58,21,7,4
193,Fable III,X360,30,Role-Playing,Microsoft Game Studios,299,110,5,38,275
334,Spyro: Year of the Dragon,PS,20,Platform,Sony Computer Entertainment,182,153,0,19,182
4,Wii Sports Resort,Wii,29,Sports,Nintendo,393,301,192,150,444
205,Warzone 2100,PS,19,Strategy,Eidos Interactive,256,178,0,33,268
515,Assassin's Creed: Brotherhood,PS3,30,Action,Ubisoft,176,56,11,30,107
801,World of Warcraft: Cataclysm,PC,30,Role-Playing,Activision,167,32,0,0,32
307,Tony Hawk's Underground,PS2,23,Sports,Activision,215,116,1,42,197
110,Fallout 4,PS4,35,Role-Playing,Bethesda Softworks,229,248,23,104,343
431,Fallout: New Vegas,PS3,30,Role-Playing,Bethesda Softworks,142,107,10,47,137
78,FIFA 16,PS4,35,Sports,Electronic Arts,101,287,6,112,371
85,GoldenEye 007,N64,17,Shooter,Nintendo,351,190,13,15,366
287,Carnival Games,Wii,27,Misc,Take-Two Interactive,202,145,5,42,211
83,FIFA Soccer 13,PS3,32,Action,Electronic Arts,96,279,13,137,368
993,Sonic the Hedgehog 3,GEN,14,Platform,Sega,92,46,20,7,0
791,Portal 2,X360,31,Shooter,Valve Software,131,50,1,17,34
896,The Legend of Zelda: Oracle of Ages,GB,21,Action,Nintendo,82,52,39,6,16
399,The Legend of Zelda: Majora's Mask,N64,20,Action,Nintendo,179,66,67,6,152
324,Mario & Sonic at the London 2012 Olympic Games,Wii,31,Sports,Sega,104,180,26,46,187
520,Metroid Prime,GC,22,Shooter,Nintendo,185,66,10,9,105
918,Medal of Honor: European Assault (All Region sales),PS2,25,Shooter,Electronic Arts,79,68,9,21,12
924,Donkey Kong Country Returns,3DS,33,Platform,Nintendo,63,61,38,12,11
6,Tetris,GB,9,Puzzle,Nintendo,395,207,208,58,442
733,Assassin's Creed IV: Black Flag,XOne,33,Action,Ubisoft,137,54,0,19,45
466,Mike Tyson's Punch-Out!!,NES,7,Fighting,Nintendo,192,46,42,7,124
98,Super Smash Bros. for Wii U and 3DS,3DS,34,Fighting,Nintendo,284,133,166,43,354
267,Daxter,PSP,26,Platform,Sony Computer Entertainment,228,101,0,75,220
358,Star Wars: Battlefront II,PS2,25,Shooter,LucasArts,206,101,3,37,171
870,Soccer,NES,5,Sports,Nintendo,15,23,129,2,20
800,Metal Gear Solid: Peace Walker,PSP,30,Action,Konami Digital Entertainment,36,41,88,25,33
381,Guitar Hero: On Tour,DS,28,Misc,Activision,200,100,1,35,162
632,Twisted Metal 2,PS,16,Racing,Sony Computer Entertainment,201,25,0,7,68
382,Assassin's Creed: Unity,XOne,34,Action,Ubisoft,213,88,0,30,161
491,WarioWare: Smooth Moves,Wii,26,Puzzle,Nintendo,77,105,67,26,115
119,Gears of War 2,X360,28,Shooter,Microsoft Game Studios,323,181,6,64,336
902,PaRappa The Rapper,PS,16,Misc,Sony Computer Entertainment,22,16,125,3,16
251,The Elder Scrolls IV: Oblivion,X360,26,Role-Playing,Take-Two Interactive,258,104,13,40,231
524,Imagine: Fashion Designer,DS,27,Simulation,Ubisoft,122,118,0,30,104
10,Duck Hunt,NES,4,Shooter,Nintendo,396,62,27,47,438
197,Resident Evil 5,PS3,29,Action,Capcom,185,141,98,65,273
604,Madden NFL 13,PS3,32,Sports,Electronic Arts,200,23,0,22,79
82,Pokemon Black 2/Pokemon White 2,DS,32,Role-Playing,Nintendo,263,175,188,43,369
785,Dynasty Warriors 4,PS2,23,Action,Tecmo Koei,53,21,103,13,35
588,Super Mario All-Stars: Limited Edition,Wii,30,Platform,Nintendo,92,51,84,14,83
799,Battlefield: Hardline,PS4,35,Shooter,Electronic Arts,60,92,14,32,33
240,Pitfall!,2600,1,Platform,Activision,325,24,0,5,239
291,God of War II,PS2,27,Action,Sony Computer Entertainment,218,4,4,126,208
212,Madden NFL 06,PS2,25,Sports,Electronic Arts,313,26,1,66,263
719,Madden NFL 12,PS3,31,Sports,Electronic Arts,182,15,0,17,49
360,Croc: Legend of the Gobbos,PS,17,Platform,Fox Interactive,147,170,0,20,169
450,FIFA 15,X360,34,Sports,Electronic Arts,68,191,0,30,131
228,The Lord of the Rings: The Two Towers,PS2,22,Action,Electronic Arts,183,184,8,70,249
952,Air Combat,PS,15,Simulation,Sony Computer Entertainment,82,33,48,5,7
948,Jet Moto,PS,16,Racing,Sony Computer Entertainment,123,39,3,7,7
798,The Sims 2: Pets,DS,26,Simulation,Electronic Arts,82,93,0,22,33
502,Zumba Fitness 2,Wii,31,Sports,Majesco Entertainment,144,106,0,28,111
465,Tom Clancy's Splinter Cell,XB,22,Action,Ubisoft,174,103,0,13,124
363,Tomb Raider III: Adventures of Lara Croft,PS,17,Action,Eidos Interactive,156,153,12,18,168
469,NBA 2K13,X360,32,Sports,Take-Two Interactive,242,21,1,19,123
937,Jak 3,PS2,24,Platform,Sony Computer Entertainment,123,48,0,3,9
429,Enter the Matrix,PS2,23,Action,Atari,168,111,9,19,138
8,Wii Play,Wii,26,Misc,Nintendo,390,296,183,147,440
156,Tetris,NES,8,Puzzle,Nintendo,267,68,141,11,303
542,The Sims,PS2,23,Simulation,Electronic Arts,131,111,0,24,100
441,FIFA Soccer 08,PS2,27,Sports,Electronic Arts,58,0,0,144,134
483,Hitman 2: Silent Assassin,PS2,22,Action,Eidos Interactive,126,114,4,41,119
423,Killer Instinct,SNES,15,Fighting,Nintendo,213,71,12,10,140
780,Tony Hawk's Pro Skater,N64,20,Sports,Activision,158,39,0,3,35
951,The Orange Box,X360,27,Shooter,Electronic Arts,99,53,2,17,7
335,FIFA Soccer 2005,PS2,24,Sports,Electronic Arts,48,222,4,59,181
577,Midnight Club: Street Racing,PS2,20,Racing,Take-Two Interactive,189,46,2,14,86
936,Mario Party: Island Tour,3DS,33,Misc,Nintendo,51,58,51,11,9
568,Medal of Honor,PS,18,Shooter,Electronic Arts,134,108,0,14,90
595,Ghostbusters: The Video Game (DS Version),X360,29,Action,Take-Two Interactive,94,123,3,27,81
531,WWF SmackDown! Just Bring It,PS2,21,Fighting,THQ,109,114,4,41,102
582,Mario Strikers Charged,Wii,27,Sports,Nintendo,97,105,23,25,85
709,Super Monkey Ball: Banana Blitz,Wii,26,Misc,Sega,97,91,4,24,51
449,Mass Effect 2,X360,30,Role-Playing,Electronic Arts,188,81,3,27,131
454,Borderlands 2,X360,32,Shooter,Take-Two Interactive,178,90,4,24,128
229,Forza Motorsport 4,X360,31,Racing,Microsoft Game Studios,197,192,6,47,248
353,Star Wars: Battlefront,PS2,24,Shooter,LucasArts,182,121,3,44,173
730,The Legend of Zelda: Link's Awakening DX,GB,18,Adventure,Nintendo,90,62,42,13,46
213,LEGO Star Wars: The Complete Saga,DS,27,Action,LucasArts,261,149,0,46,262
80,Halo 2,XB,24,Shooter,Microsoft Game Studios,365,148,5,8,371
149,LittleBigPlanet,PS3,28,Platform,Sony Computer Entertainment,257,193,17,89,310
303,Namco Museum: 50th Anniversary,PS2,25,Misc,Namco Bandai Games,197,133,0,54,200
629,Midnight Club: Los Angeles,PS3,28,Racing,Take-Two Interactive,145,53,5,31,69
779,Borderlands,PS3,29,Shooter,Take-Two Interactive,110,61,0,29,35
507,Madden NFL 13,X360,32,Sports,Electronic Arts,235,16,0,17,109
343,SOCOM: U.S. Navy SEALs,PS2,22,Shooter,Sony Computer Entertainment,235,80,6,24,177
486,SOCOM II: U.S. Navy SEALs,PS2,23,Shooter,Sony Computer Entertainment,210,50,6,15,117
713,Call of Duty 3,Wii,37,Shooter,Activision,109,83,0,23,50
134,Halo 3: ODST,X360,29,Shooter,Microsoft Game Studios,328,133,6,61,322
705,Borderlands 2,PS3,32,Shooter,Take-Two Interactive,95,76,10,36,52
312,Tekken 5,PS2,25,Fighting,Namco Bandai Games,83,183,30,70,194
724,Teenage Mutant Ninja Turtles II: The Arcade Game,NES,10,Action,Konami Digital Entertainment,164,25,21,3,47
630,Final Fantasy V,SNES,12,Role-Playing,SquareSoft,0,0,167,2,69
1,Wii Sports,Wii,26,Sports,Nintendo,398,303,199,154,447
317,Flash Focus: Vision Training in Minutes a Day,DS,27,Misc,Nintendo,77,152,95,35,192
708,Sonic's Ultimate Genesis Collection,PS3,29,Misc,Sega,124,61,0,31,51
548,Pokémon Stadium 2,N64,20,Strategy,Nintendo,92,35,103,23,96
874,Crash Nitro Kart,PS2,23,Racing,Vivendi Games,64,100,0,20,19
533,Mortal Kombat Trilogy,PS,16,Fighting,GT Interactive,187,69,0,11,102
478,Battlefield: Bad Company 2,PS3,30,Shooter,Electronic Arts,123,111,8,45,120
405,Ratchet & Clank,PS2,22,Platform,Sony Computer Entertainment,134,100,53,30,150
173,Assassin's Creed III,X360,32,Action,Ubisoft,277,163,3,44,288
126,Donkey Kong Country Returns,Wii,30,Platform,Nintendo,285,173,93,47,330
395,LEGO Batman: The Videogame,X360,28,Action,Warner Bros. Interactive Entertainment,192,102,0,32,153
421,007: Tomorrow Never Dies,PS,19,Shooter,Electronic Arts,162,131,0,16,141
553,Onimusha: Warlords,PS2,21,Action,Virgin Interactive,89,47,99,14,93
905,Star Wars: The Force Unleashed,Wii,28,Action,LucasArts,104,56,0,19,15
91,Grand Theft Auto: Liberty City Stories,PSP,25,Action,Take-Two Interactive,262,236,23,130,360
941,inFAMOUS 2,PS3,31,Action,Sony Computer Entertainment,95,48,8,23,9
182,Diablo III,PC,32,Role-Playing,Activision,227,200,0,62,281
275,Street Fighter IV,PS3,29,Fighting,Capcom,191,105,54,53,217
897,Need for Speed: Shift,X360,29,Racing,Electronic Arts,63,96,1,22,16
70,Gran Turismo 2,PS,19,Racing,Sony Computer Entertainment,311,254,137,50,379
292,Forza Motorsport 2,X360,27,Racing,Microsoft Game Studios,220,127,3,41,207
132,Kingdom Hearts,PS2,22,Role-Playing,Sony Computer Entertainment,301,119,127,7,324
301,Professor Layton and the Diabolical Box,DS,27,Puzzle,Nintendo,82,169,84,37,202
425,Crisis Core: Final Fantasy VII,PSP,27,Role-Playing,Square Enix,125,59,74,44,139
327,Ratchet & Clank: Size Matters,PSP,27,Platform,Sony Computer Entertainment,130,138,10,86,186
145,Metal Gear Solid 4: Guns of the Patriots,PS3,28,Action,Konami Digital Entertainment,244,166,77,82,313
424,WWF SmackDown! 2: Know Your Role,PS,20,Fighting,THQ,166,120,7,16,140
581,ESPN NFL 2K5,PS2,24,Sports,Sega,204,12,0,36,85
136,Super Mario Sunshine,GC,22,Platform,Nintendo,315,125,79,17,320
451,Dragon Ball Z: Budokai,PS2,22,Fighting,Atari,205,28,51,8,130
165,Super Mario World,GBA,21,Platform,Nintendo,281,110,87,20,295
29,Gran Turismo 3: A-Spec,PS2,21,Racing,Sony Computer Entertainment,366,280,142,108,419
775,Kirby's Epic Yarn,Wii,30,Platform,Nintendo,137,9,42,11,36
194,Call of Duty: Advanced Warfare,XOne,34,Shooter,Activision,281,148,1,38,275
389,Grand Theft Auto 2,PS,18,Action,Take-Two Interactive,103,194,0,22,157
854,Tennis,GB,9,Sports,Nintendo,65,30,82,4,23
170,Final Fantasy XIII,PS3,29,Role-Playing,Square Enix,164,123,142,52,291
707,Paper Mario: Sticker Star,3DS,32,Role-Playing,Nintendo,102,38,59,12,51
141,Gears of War 3,X360,31,Shooter,Microsoft Game Studios,318,156,7,49,316
174,Final Fantasy IX,PS,20,Role-Playing,SquareSoft,152,76,181,14,288
7,New Super Mario Bros.,DS,26,Platform,Nintendo,388,297,219,148,441
747,Hitman: Absolution,PS3,32,Action,Square Enix,49,106,7,45,43
479,The Sims 4,PC,34,Simulation,Electronic Arts,86,164,0,29,120
74,Animal Crossing: New Leaf,3DS,32,Simulation,Nintendo,190,212,211,41,375
912,Madden NFL 09,PS3,28,Sports,Electronic Arts,146,15,0,18,13
815,Need for Speed: ProStreet,X360,27,Racing,Electronic Arts,94,79,1,22,30
239,Madden NFL 2005,PS2,24,Sports,Electronic Arts,324,26,1,8,240
146,Metal Gear Solid,PS,18,Action,Konami Digital Entertainment,279,172,72,24,313
794,Dead Rising,X360,26,Action,Capcom,106,64,8,20,33
235,Luigi's Mansion: Dark Moon,3DS,33,Action,Nintendo,168,137,100,30,243
221,Crash Team Racing,PS,19,Racing,Sony Computer Entertainment,239,152,41,21,255
925,The Legend of Zelda: Oracle of Seasons,GB,21,Adventure,Nintendo,77,51,39,6,10
501,Call of Duty: Finest Hour,PS2,24,Shooter,Activision,141,111,1,24,112
133,Pokémon Crystal Version,GB,20,Role-Playing,Nintendo,237,151,111,94,323
992,Golden Sun,GBA,21,Role-Playing,Nintendo,83,37,38,6,0
776,Project Gotham Racing,XB,21,Racing,Microsoft Game Studios,127,60,5,9,36
186,FIFA Soccer 13,X360,32,Action,Electronic Arts,98,256,3,58,279
42,Animal Crossing: Wild World,DS,25,Simulation,Nintendo,237,257,215,87,407
698,Need for Speed Underground 2,XB,24,Racing,Electronic Arts,128,79,0,10,52
109,Mario Kart 8,WiiU,34,Racing,Nintendo,277,194,110,49,343
589,Streets of Rage,GEN,10,Action,Sega,175,54,11,8,83
57,Grand Theft Auto IV,PS3,28,Action,Take-Two Interactive,337,264,41,124,392
406,Mario Party 9,Wii,32,Misc,Nintendo,105,116,70,24,149
443,Need for Speed III: Hot Pursuit,PS,18,Racing,Electronic Arts,203,85,0,13,132
759,Syphon Filter 2,PS,20,Shooter,Sony Computer Entertainment,140,54,2,8,39
999,Hitman: Absolution,X360,32,Action,Square Enix,58,89,1,17,0
25,Grand Theft Auto: Vice City,PS2,22,Action,Take-Two Interactive,374,283,44,131,423
468,Gears of War: Ultimate Edition,XOne,35,Shooter,Microsoft Game Studios,222,32,0,31,123
540,Ratchet & Clank: Going Commando,PS2,23,Platform,Sony Computer Entertainment,134,82,25,25,101
532,Dragon Quest V: Tenkuu no Hanayome,SNES,12,Role-Playing,Enix Corporation,0,0,181,1,102
619,LEGO Harry Potter: Years 1-4,Wii,30,Action,Warner Bros. Interactive Entertainment,119,96,0,23,73
696,Tomb Raider II,PC,17,Action,Eidos Interactive,81,124,0,13,53
928,The Legend of Dragoon,PS,19,Role-Playing,Sony Computer Entertainment,84,43,37,10,10
339,Friend Collection,DS,29,Misc,Nintendo,0,0,198,0,179
52,Grand Theft Auto IV,X360,28,Action,Take-Two Interactive,364,245,14,98,397
508,The Elder Scrolls III: Morrowind,XB,22,Role-Playing,Ubisoft,198,62,3,11,109
517,Madden NFL 10,X360,29,Sports,Electronic Arts,234,9,0,22,106
922,FIFA 2000,PS,18,Sports,Electronic Arts,18,143,4,14,11
783,Mario Sports Mix,Wii,30,Sports,Nintendo,80,44,58,13,35
265,Namco Museum,GBA,21,Misc,Namco Bandai Games,269,110,5,7,222
819,The Incredibles,GBA,24,Action,THQ,105,76,4,10,30
712,Guitar Hero III: Legends of Rock,PS3,27,Misc,Activision,130,53,2,30,50
684,Just Dance Kids,Wii,30,Misc,Ubisoft,147,55,0,19,56
834,SOCOM: U.S. Navy SEALs: Combined Assault,PS2,26,Shooter,Sony Computer Entertainment,164,2,0,28,28
519,WWE SmackDown! vs. Raw,PS2,22,Fighting,THQ,122,107,4,39,106
448,Heavy Rain,PS3,30,Adventure,Sony Computer Entertainment,119,126,6,50,132
19,Super Mario World,SNES,10,Platform,Nintendo,389,263,194,55,429
717,Cool Boarders 2,PS,17,Sports,UEP Systems,142,45,20,8,49
484,Street Fighter IV,X360,29,Fighting,Capcom,171,70,15,26,118
569,Fable,XB,24,Role-Playing,Microsoft Game Studios,188,57,0,9,89
434,Ace Combat 04: Shattered Skies,PS2,21,Simulation,Sony Computer Entertainment Europe,195,55,36,17,137
368,Rugrats in Paris: The Movie,PS,20,Action,THQ,185,131,0,23,166
84,The Sims 3,PC,29,Simulation,Electronic Arts,88,290,0,71,367
62,Call of Duty: Ghosts,X360,33,Shooter,Activision,362,227,4,81,387
639,Ice Hockey,NES,8,Sports,Nintendo,117,32,72,5,66
273,Gran Turismo 5 Prologue,PS3,27,Racing,Sony Computer Entertainment,118,172,53,53,218
286,Street Fighter II Turbo,SNES,12,Fighting,Capcom,132,50,153,7,211
361,Grand Theft Auto: Liberty City Stories,PS2,26,Action,Take-Two Interactive,146,138,7,50,168
355,The Simpsons: Road Rage,PS2,21,Racing,Electronic Arts,191,116,0,42,173
457,The Sims: Vacation,PC,22,Simulation,Electronic Arts,162,120,0,14,128
279,Frogger,PS,17,Action,Hasbro Interactive,307,27,0,11,215
13,Pokemon Gold/Pokemon Silver,GB,19,Role-Playing,Nintendo,377,288,221,71,435
183,Super Mario Bros. 3,GBA,23,Platform,Nintendo,264,124,77,20,281
369,Spyro 2: Ripto's Rage!,PS,19,Platform,Sony Computer Entertainment,203,120,1,17,166
883,Dragon Ball Z: Budokai 3,PS2,24,Fighting,Atari,99,15,60,4,18
616,Mario Party 2,N64,19,Misc,Nintendo,118,14,98,1,74
224,Driver 2,PS,20,Action,Atari,221,196,2,25,252
573,Medal of Honor Heroes,PSP,26,Shooter,Electronic Arts,76,110,1,66,88
972,Kinect Star Wars,X360,32,Action,Microsoft Game Studios,95,56,3,14,2
655,Monopoly,PC,14,Misc,Hasbro Interactive,139,80,0,10,63
546,Mario Paint,SNES,12,Misc,Nintendo,133,53,65,7,98
583,Medal of Honor,X360,30,Shooter,Electronic Arts,145,80,4,21,85
634,Need for Speed Carbon: Own the City,PSP,26,Racing,Electronic Arts,77,97,0,59,68
177,Assassin's Creed II,X360,29,Action,Ubisoft,275,151,8,51,286
667,Half-Life 2,PC,24,Shooter,Vivendi Games,214,2,8,0,61
675,Dragon Warrior Monsters,GB,18,Role-Playing,Eidos Interactive,0,0,163,1,59
586,Style Savvy,DS,28,Simulation,Nintendo,53,83,88,19,84
875,Grand Theft Auto: San Andreas,XB,25,Action,Take-Two Interactive,116,60,0,9,19
394,Crash Bash,PS,20,Misc,Sony Computer Entertainment,146,143,19,17,154
164,Mario Kart: Super Circuit,GBA,21,Racing,Nintendo,243,158,91,23,296
249,Tony Hawk's Pro Skater 3,PS2,21,Sports,Activision,247,128,1,46,232
635,The Sims: Bustin' Out,PS2,23,Simulation,Electronic Arts,97,118,0,18,67
887,Batman: Arkham Origins,X360,33,Action,Warner Bros. Interactive Entertainment,105,60,0,17,17
671,Kinect Sports: Season Two,X360,31,Sports,Microsoft Game Studios,128,73,2,22,60
376,Batman: Arkham Asylum,X360,29,Action,Eidos Interactive,208,96,2,31,164
413,Wii Music,Wii,28,Misc,Nintendo,126,112,43,32,146
75,Mario Party DS,DS,27,Misc,Nintendo,332,177,148,70,374
114,Need for Speed Underground 2,PS2,24,Racing,Electronic Arts,250,242,8,103,340
599,Art Academy,DS,30,Misc,Nintendo,23,161,31,28,80
963,Sly 2: Band of Thieves,PS2,24,Platform,Sony Computer Entertainment,78,68,0,23,5
391,Spider-Man 2,PS2,24,Action,Activision,165,119,2,43,156
105,Need for Speed Underground,PS2,23,Racing,Electronic Arts,286,236,8,97,347
115,Medal of Honor: Frontline,PS2,22,Shooter,Electronic Arts,264,231,17,94,339
418,L.A. Noire,PS3,31,Adventure,Take-Two Interactive,117,131,12,51,143
526,Star Wars: The Force Unleashed,X360,28,Action,LucasArts,164,79,0,26,103
458,Mass Effect 3,X360,32,Role-Playing,Electronic Arts,183,85,3,24,128
410,Assassin's Creed Syndicate,PS4,35,Action,Ubisoft,70,181,6,50,147
93,Star Wars Battlefront (2015),PS4,35,Shooter,Electronic Arts,264,250,22,111,358
932,NBA Live 2002,PS2,21,Sports,Electronic Arts,81,70,0,24,10
90,Pac-Man,2600,2,Puzzle,Atari,371,44,0,8,361
337,Battlefield 4,PS3,33,Shooter,Electronic Arts,120,146,26,61,180
990,WWF Attitude,PS,18,Fighting,Acclaim Entertainment,117,41,0,7,0
923,Dynasty Warriors 3,PS2,21,Action,THQ,43,16,97,10,11
935,GoldenEye 007 (2010),Wii,30,Action,Activision,75,70,13,16,10
606,Deca Sports,Wii,28,Sports,Konami Digital Entertainment,103,86,28,25,78
594,Killzone: Shadow Fall,PS4,33,Shooter,Sony Computer Entertainment,79,131,7,28,81
612,Dragon Warrior,NES,6,Role-Playing,Capcom,39,0,48,123,76
95,The Legend of Zelda: Ocarina of Time,N64,18,Action,Nintendo,320,178,124,16,357
12,Mario Kart DS,DS,25,Racing,Nintendo,385,292,205,135,436
397,The Legend of Zelda: Spirit Tracks,DS,29,Action,Nintendo,133,93,68,27,153
534,Battlefield 3,PC,31,Shooter,Electronic Arts,79,141,0,48,102
44,Halo 3,X360,27,Shooter,Microsoft Game Studios,372,236,13,110,405
43,Mario Kart 7,3DS,31,Racing,Nintendo,335,267,177,88,406
330,Super Paper Mario,Wii,27,Platform,Nintendo,187,87,55,32,185
168,Crash Bandicoot: The Wrath of Cortex,PS2,21,Platform,Universal Interactive,196,210,23,81,292
498,World Soccer Winning Eleven 7 International,PS2,23,Sports,Konami Digital Entertainment,6,123,103,45,113
878,Def Jam Vendetta,PS2,23,Fighting,Electronic Arts,85,73,0,25,18
598,Ratchet & Clank: Up Your Arsenal,PS2,24,Platform,Sony Computer Entertainment,121,73,30,22,80
758,Your Shape featuring Jenny McCarthy,Wii,29,Sports,Ubisoft,141,46,0,18,40
101,The Legend of Zelda: Twilight Princess,Wii,26,Action,Nintendo,310,202,56,70,351
427,Dragon Quest VI: Maboroshi no Daichi,SNES,15,Role-Playing,Enix Corporation,0,0,191,0,139
179,Tomb Raider II,PS,17,Action,Eidos Interactive,216,220,20,28,284
445,Personal Trainer: Cooking,DS,26,Misc,Nintendo,81,99,93,17,132
417,FIFA 16,XOne,35,Sports,Electronic Arts,78,197,0,23,143
872,Tom Clancy's Rainbow Six: Vegas,X360,26,Shooter,Ubisoft,99,64,2,20,20
884,Jet Moto 2,PS,17,Racing,Sony Computer Entertainment,131,41,3,7,18
682,The Legend of Zelda: Majora's Mask 3D,3DS,35,Action,Nintendo,104,53,44,17,56
178,Professor Layton and the Curious Village,DS,27,Puzzle,Nintendo,112,222,93,52,285
396,Metal Gear Solid V: The Phantom Pain,PS4,35,Action,Konami Digital Entertainment,98,133,45,47,153
913,Yokai Watch,3DS,33,Role-Playing,Nintendo,17,30,115,4,13
795,Finding Nemo,PS2,23,Action,THQ,116,59,5,18,33
962,Virtua Fighter 4,PS2,22,Fighting,Sega,68,43,52,4,5
686,Grand Theft Auto,PS,17,Action,Take-Two Interactive,69,133,4,14,56
384,Monster Hunter 4,3DS,33,Role-Playing,Capcom,0,0,193,0,159
958,Dragon Quest VI: Realms of Revelation,DS,30,Role-Playing,Nintendo,18,21,117,3,5
753,Mario & Luigi: Superstar Saga,GBA,23,Role-Playing,Nintendo,138,17,44,6,41
258,Call of Duty: Advanced Warfare,X360,34,Shooter,Activision,253,117,0,37,225
539,inFAMOUS: Second Son,PS4,34,Action,Sony Computer Entertainment,117,96,7,47,101
336,Pokémon Trading Card Game,GB,18,Strategy,Nintendo,139,72,119,10,181
16,Kinect Adventures!,X360,30,Misc,Microsoft Game Studios,392,277,23,126,432
325,LEGO Indiana Jones: The Original Adventures,X360,28,Action,Activision,224,102,0,36,187
760,Tom Clancy's Rainbow Six: Siege,PS4,35,Shooter,Ubisoft,44,115,13,32,39
223,Batman: Arkham City,X360,31,Action,Warner Bros. Interactive Entertainment,268,130,4,41,253
180,Madden NFL 2004,PS2,37,Sports,Electronic Arts,327,26,1,71,283
985,Final Fantasy II,SNES,11,Role-Playing,Square,20,9,115,12,1
23,Super Mario Bros. 3,NES,8,Platform,Nintendo,382,255,202,46,425
357,Luigi's Mansion,GC,21,Action,Nintendo,222,66,43,10,172
668,The Incredibles,PS2,24,Action,THQ,86,107,4,30,61
863,Call of Duty: World at War,Wii,28,Shooter,Activision,110,58,0,19,21
341,Midnight Club 3: DUB Edition,PSP,25,Racing,Take-Two Interactive,155,121,0,79,178
432,LEGO Batman: The Videogame,Wii,37,Action,Warner Bros. Interactive Entertainment,175,101,0,29,137
552,The Legend of Zelda: A Link to the Past,GBA,22,Action,Nintendo,165,51,31,10,93
835,Peter Jackson's King Kong: The Official Game of the Movie,PS2,25,Action,Ubisoft,61,101,0,31,28
204,Super Smash Bros. for Wii U and 3DS,WiiU,34,Fighting,Nintendo,241,105,74,57,269
631,Final Fantasy Tactics,PS,17,Role-Playing,SquareSoft,83,12,116,6,69
94,Call of Duty: Advanced Warfare,PS4,34,Shooter,Activision,257,251,14,117,357
559,Mario vs. Donkey Kong: Mini-Land Mayhem!,DS,30,Puzzle,Nintendo,153,51,33,18,92
69,Just Dance 2,Wii,30,Misc,Ubisoft,352,239,1,78,380
623,Tomb Raider: The Last Revelation,PS,18,Action,Eidos Interactive,105,113,6,13,72
285,The Legend of Zelda: Skyward Sword,Wii,31,Action,Nintendo,203,119,35,40,211
846,TouchMaster,DS,27,Puzzle,Midway Games,39,126,0,25,25
435,Club Penguin: Elite Penguin Force,DS,28,Adventure,Disney Interactive Studios,177,97,0,30,136
154,Cooking Mama,DS,26,Simulation,505 Games,277,183,7,58,305
76,The Elder Scrolls V: Skyrim,X360,31,Role-Playing,Bethesda Softworks,342,238,10,84,373
732,BioShock 2,X360,30,Shooter,Take-Two Interactive,135,54,2,19,45
447,Dragon Warrior IV,NES,10,Role-Playing,Enix Corporation,6,0,185,1,132
189,Tomodachi Life,3DS,33,Simulation,Nintendo,86,191,143,28,277
272,Uncharted 4: A Thief's End,PS4,36,Shooter,Sony Computer Entertainment,120,194,18,65,218
237,The Last of Us,PS4,34,Action,Sony Computer Entertainment,168,176,7,81,241
488,inFAMOUS,PS3,29,Action,Sony Computer Entertainment,166,68,12,37,117
118,Zumba Fitness,Wii,30,Sports,505 Games,296,228,0,67,337
945,"Hey You, Pikachu!",N64,18,Simulation,Nintendo,73,6,85,0,7
513,Skylanders: Spyro's Adventure,Wii,31,Action,Activision,130,113,0,31,108
827,Sonic Mega Collection,GC,22,Misc,Infogrames,137,47,5,6,29
592,NBA Live 2005,PS2,24,Sports,Electronic Arts,192,21,0,35,82
127,The Elder Scrolls V: Skyrim,PS3,31,Role-Playing,Bethesda Softworks,237,230,24,100,329
117,Crash Bandicoot,PS,16,Platform,Sony Computer Entertainment,283,213,86,30,338
474,The Sims: Livin Large,PC,20,Misc,Electronic Arts,157,117,0,13,122
695,Dead Island,PS3,31,Action,Deep Silver,98,74,15,31,53
58,Super Mario All-Stars,SNES,13,Platform,Nintendo,356,200,155,29,391
865,Burnout Paradise,PS3,28,Racing,Electronic Arts,91,63,2,30,21
914,Ratchet & Clank Future: A Crack in Time,PS3,29,Platform,Sony Computer Entertainment,95,53,3,26,12
370,Left 4 Dead,X360,28,Shooter,Electronic Arts,247,49,5,30,166
269,The Legend of Zelda: Ocarina of Time,3DS,31,Action,Nintendo,192,126,57,30,219
47,Super Mario 64,N64,16,Platform,Nintendo,367,237,144,23,402
350,Call of Duty: Ghosts,PS4,33,Shooter,Activision,168,140,5,38,175
196,Guitar Hero II,PS2,26,Misc,RedOctane,309,62,0,68,274
1001,Call of Duty: Black Ops 3,X360,35,Shooter,Activision,101,47,0,16,0
836,Donkey Kong Country,GBA,23,Platform,Nintendo,110,47,28,7,28
738,Wario Land 3,GB,20,Platform,Nintendo,101,50,32,23,44
264,Assassin's Creed: Revelations,PS3,31,Action,Ubisoft,131,191,10,72,222
444,Star Wars Episode I Racer,N64,19,Racing,Nintendo,217,61,14,4,132
677,Skylanders SWAP Force,Wii,33,Platform,Activision,122,82,0,20,58
305,Assassin's Creed: Unity,PS4,34,Action,Ubisoft,108,185,8,70,199
342,Banjo-Kazooie,N64,18,Platform,Nintendo,176,112,51,10,177
968,NFL GameDay 2000,PS,19,Sports,989 Studios,90,67,0,12,4
150,Dragon Quest IX: Sentinels of the Starry Skies,DS,29,Role-Playing,Nintendo,56,68,210,15,309
125,FIFA 15,PS4,34,Sports,Electronic Arts,69,270,5,121,330
788,Scooby-Doo! Night of 100 Frights,PS2,22,Platform,THQ,107,71,0,22,34
51,Super Mario Land 2: 6 Golden Coins,GB,12,Adventure,Nintendo,359,192,179,29,398
354,Doom II: Hell on Earth,PC,14,Shooter,Virgin Interactive,194,138,0,16,173
929,Turok 2: Seeds of Evil,N64,17,Platform,Acclaim Entertainment,127,40,4,4,10
143,Metal Gear Solid 2: Sons of Liberty,PS2,21,Action,Konami Digital Entertainment,228,190,79,72,314
471,wwe Smackdown vs. Raw 2006,PS2,37,Fighting,,147,101,0,41,123
400,Professor Layton and the Unwound Future,DS,28,Puzzle,Nintendo,55,155,76,28,152
626,NBA 2K14,X360,33,Sports,Take-Two Interactive,199,20,0,17,71
321,Big Brain Academy: Wii Degree,Wii,27,Misc,Nintendo,96,182,39,43,190
20,Brain Age: Train Your Brain in Minutes a Day,DS,25,Misc,Nintendo,336,298,206,139,428
811,Kingdom Hearts: Birth by Sleep,PSP,30,Role-Playing,Square Enix,53,41,69,26,31
792,Devil May Cry 3: Dante's Awakening,PS2,25,Action,Capcom,89,62,28,19,33
810,Spec Ops: Airborne Commando,PS,22,Shooter,Take-Two Interactive,144,45,0,8,31
408,Max Payne,PS2,21,Shooter,Take-Two Interactive,188,104,5,22,148
538,Jak II,PS2,23,Platform,Sony Computer Entertainment,158,73,0,36,101
621,Resistance 2,PS3,28,Shooter,Sony Computer Entertainment,105,84,10,39,72
39,Grand Theft Auto III,PS2,21,Action,Take-Two Interactive,368,274,29,114,410
176,Donkey Kong 64,N64,19,Platform,Nintendo,288,78,99,6,286
246,God of War,PS2,25,Action,Sony Computer Entertainment,250,128,2,43,235
830,PGR4 - Project Gotham Racing 4,X360,27,Racing,Microsoft Game Studios,38,128,2,25,29
669,Tony Hawk's Underground 2,PS2,24,Sports,Activision,115,85,1,26,61
756,Tennis,NES,4,Sports,Nintendo,38,11,131,2,41
860,Dragon Age: Inquisition,PS4,34,Role-Playing,Electronic Arts,62,85,8,32,21
155,Destiny,PS4,34,Shooter,Activision,231,193,16,92,304
288,Fallout 4,XOne,35,Role-Playing,Bethesda Softworks,228,125,1,37,210
603,Dragon Warrior II,NES,7,Role-Playing,Enix Corporation,13,0,165,0,79
570,Hannah Montana,DS,26,Action,Disney Interactive Studios,149,79,0,26,88
745,Kirby's Pinball Land,GB,12,Misc,Nintendo,77,17,100,5,43
18,Grand Theft Auto: San Andreas,PS2,24,Action,Take-Two Interactive,381,39,39,155,430
128,The Legend of Zelda,NES,6,Action,Nintendo,305,92,137,14,328
323,Batman: Arkham Knight,PS4,35,Action,Warner Bros. Interactive Entertainment,139,153,10,61,188
256,Kingdom Hearts II,PS2,25,Role-Playing,Square Enix,208,57,119,17,226
659,LEGO Star Wars: The Complete Saga,PS3,27,Action,LucasArts,92,96,0,39,62
966,Madden NFL 07,X360,26,Sports,Electronic Arts,156,0,1,13,4
191,Medal of Honor: Rising Sun,PS2,23,Shooter,Electronic Arts,187,205,13,80,275
116,Uncharted 3: Drake's Deception,PS3,31,Action,Sony Computer Entertainment,254,235,19,101,339
617,Saints Row: The Third,PS3,31,Action,THQ,76,105,18,39,73
607,Madden NFL 09,X360,28,Sports,Electronic Arts,209,12,0,20,78
181,Dragon Quest VIII: Journey of the Cursed King,PS2,24,Role-Playing,Square Enix,55,74,196,20,282
302,Left 4 Dead 2,X360,29,Shooter,Electronic Arts,248,88,5,37,201
761,Volleyball,NES,7,Sports,Nintendo,12,3,148,0,39
714,Resident Evil 4,Wii,27,Action,Capcom,124,56,14,21,50
725,LEGO Indiana Jones: The Original Adventures,DS,28,Action,Activision,132,60,0,21,47
687,James Bond 007: Everything or Nothing,PS2,24,Shooter,Electronic Arts,75,105,9,32,55
981,50 Cent: Bulletproof,PS2,25,Action,Vivendi Games,75,75,0,16,1
518,Medal of Honor,PS3,30,Shooter,Electronic Arts,118,104,7,43,106
986,Kirby 64: The Crystal Shards,N64,20,Platform,Nintendo,53,6,93,4,1
46,Pokemon HeartGold/Pokemon SoulSilver,DS,29,Action,Nintendo,330,232,203,77,403
911,Need for Speed Rivals,PS4,33,Racing,Electronic Arts,63,90,3,22,13
158,Super Smash Bros.,N64,19,Fighting,Nintendo,265,59,147,4,301
853,Tenchu: Stealth Assassins,PS,17,Action,Activision,85,63,26,13,23
172,Pokemon Pinball,GB,19,Misc,Nintendo,271,111,92,16,289
17,Grand Theft Auto V,PS3,33,Action,Take-Two Interactive,369,299,89,152,431
512,Command & Conquer: Red Alert,PC,16,Strategy,Virgin Interactive,127,132,0,14,108
49,Super Mario Galaxy,Wii,27,Platform,Nintendo,359,253,107,76,400
973,Midnight Club II,PS2,23,Racing,Take-Two Interactive,115,29,0,24,2
942,Gran Turismo Concept 2001 Tokyo,PS2,21,Racing,Unknown,0,109,40,33,8
516,BioShock,X360,27,Shooter,Take-Two Interactive,155,85,5,28,106
954,Sonic & Knuckles,GEN,14,Platform,Sega,114,42,3,12,6
481,Sonic Heroes,PS2,23,Platform,Sega,94,135,6,49,119
284,FIFA Soccer 07,PS2,26,Sports,Electronic Arts,61,222,3,88,212
720,Monster Hunter Tri,Wii,29,Role-Playing,Nintendo,57,40,95,11,49
879,FIFA Soccer 09,X360,28,Sports,Electronic Arts,39,125,1,18,18
226,Tony Hawk's Pro Skater 2,PS,20,Sports,Activision,273,139,2,20,250
27,Pokemon Black/Pokemon White,DS,30,Role-Playing,Nintendo,348,249,217,81,421
956,The Sims: Hot Date,PC,21,Simulation,Electronic Arts,170,0,0,0,6
438,Sonic Rush,DS,25,Platform,Sega,112,152,6,29,135
953,Kirby: Triple Deluxe,3DS,34,Platform,Nintendo,51,34,73,9,6
365,LEGO Star Wars: The Video Game,PS2,25,Action,Eidos Interactive,187,113,1,41,167
230,Tomb Raider,PS,16,Action,Eidos Interactive,215,186,13,24,247
38,Call of Duty: Modern Warfare 3,PS3,31,Shooter,Activision,346,285,46,124,411
967,NBA 2K11,PS3,30,Action,Take-Two Interactive,131,21,3,16,4
375,Kung Fu,NES,5,Action,Nintendo,154,37,122,6,164
470,Dragon Ball Z: Budokai Tenkaichi 3,PS2,27,Fighting,Atari,105,0,70,103,123
969,Call of Duty: Black Ops 3,PS3,35,Shooter,Activision,39,95,7,27,3
852,Mortal Kombat vs. DC Universe,PS3,28,Fighting,Midway Games,138,30,0,22,24
706,TOCA Touring Car Championship,PS,17,Racing,Codemasters,5,189,2,18,52
843,Call of Duty 2,X360,25,Shooter,Activision,170,5,1,15,26
195,Microsoft Flight Simulator,PC,16,Simulation,Microsoft Game Studios,282,162,0,20,274
856,Harry Potter and the Chamber of Secrets,PS,22,Action,Electronic Arts,65,108,2,12,22
866,E.T.: The Extra Terrestrial,2600,1,Action,Atari,173,11,0,2,21
504,Imagine: Babyz,DS,27,Simulation,Ubisoft,120,126,0,31,111
971,Beyond: Two Souls,PS3,33,Adventure,Sony Computer Entertainment,42,87,6,34,3
832,Dance Central 2,X360,31,Misc,Microsoft Game Studios,135,41,1,16,28
580,God of War Collection,PS3,29,Action,Sony Computer Entertainment,160,45,6,41,86
970,Disney's The Lion King,SNES,14,Platform,Virgin Interactive,116,38,8,6,3
163,Super Mario Advance,GBA,21,Platform,Nintendo,278,123,83,20,297
910,Max Payne 3,PS3,32,Shooter,Take-Two Interactive,49,91,6,32,14
153,Tekken 2,PS,16,Fighting,Sony Computer Entertainment,213,178,118,23,306
803,Need For Speed: Undercover,PS3,28,Racing,Electronic Arts,53,101,5,39,32
995,Def Jam: Fight for NY,PS2,24,Fighting,Electronic Arts,76,66,0,22,0
757,The Sims: House Party,PC,21,Simulation,Electronic Arts,113,82,0,10,40
112,Just Dance 4,Wii,32,Misc,Ubisoft,322,203,0,56,341
227,Animal Crossing: City Folk,Wii,28,Simulation,Nintendo,176,111,114,37,250
690,Chrono Trigger,SNES,15,Role-Playing,SquareSoft,23,0,150,1,55
104,Battlefield 3,PS3,31,Shooter,Electronic Arts,260,240,33,104,348
422,Baseball,NES,3,Sports,Nintendo,63,10,164,2,140
420,Yokai Watch 2 Ganso/Honke,3DS,34,Role-Playing,Nintendo,3,0,190,0,142
752,Pokemon Ranger,DS,26,Role-Playing,Nintendo,119,4,67,12,42
587,Harry Potter and the Chamber of Secrets,PS2,22,Action,Electronic Arts,80,121,4,44,84
782,Need for Speed: Hot Pursuit 2,PS2,22,Racing,Electronic Arts,158,31,2,9,35
674,Donkey Kong Land II,GB,16,Platform,Nintendo,129,47,38,8,59
120,Uncharted 2: Among Thieves,PS3,29,Action,Sony Computer Entertainment,286,206,21,95,335
54,Super Mario 3D Land,3DS,31,Platform,Nintendo,339,241,156,78,395
152,Resident Evil 2,PS,18,Action,Virgin Interactive,177,143,150,45,307
404,James Bond 007: Nightfire,PS2,22,Shooter,Electronic Arts,135,128,12,46,150
947,World of Warcraft: Mists of Pandaria,PC,32,Role-Playing,Activision,74,75,0,23,7
208,Guitar Hero III: Legends of Rock,PS2,27,Misc,Activision,295,1,1,122,266
660,Kinect: Disneyland Adventures,X360,31,Misc,Microsoft Game Studios,163,45,2,18,62
845,Forza Horizon,X360,32,Racing,Microsoft Game Studios,72,97,4,18,26
764,Super Mario RPG: Legend of the Seven Stars,SNES,16,Role-Playing,Nintendo,56,0,124,3,38
9,New Super Mario Bros. Wii,Wii,29,Platform,Nintendo,391,291,212,142,439
809,Skate 3,PS3,30,Sports,Electronic Arts,69,93,0,35,32
37,Call of Duty: Modern Warfare 2,X360,29,Shooter,Activision,375,260,8,113,412
453,World Class Track Meet,NES,6,Sports,Namco Bandai Games,181,44,59,7,129
652,Zumba Fitness,X360,30,Sports,505 Games,164,47,0,18,63
254,Resistance: Fall of Man,PS3,26,Shooter,Sony Computer Entertainment,163,165,14,75,228
304,EA Sports Active,Wii,29,Sports,Electronic Arts,199,134,6,40,199
748,Yu-Gi-Oh: Duel Monsters 4,GB,20,Role-Playing,Konami Digital Entertainment,0,0,157,1,42
572,Skylanders Giants,Wii,32,Action,Activision,146,87,0,22,88
624,NBA 2K13,PS3,32,Sports,Take-Two Interactive,162,43,5,27,72
734,Devil May Cry 3: Dante's Awakening Special Edition,PS2,26,Action,Capcom,96,81,5,28,45
893,Watch Dogs,PS3,34,Action,Ubisoft,46,88,10,37,17
263,Batman: Arkham Asylum,PS3,29,Action,Eidos Interactive,211,132,7,61,223
611,Game Party,Wii,27,Misc,Midway Games,140,77,0,24,76
298,Minecraft,PS4,34,Misc,Sony Computer Entertainment Europe,128,176,12,65,204
415,Monster Hunter X,3DS,35,Action,Capcom,21,19,181,4,145
151,LEGO Star Wars: The Complete Saga,Wii,27,Action,LucasArts,302,157,0,53,308
790,Need for Speed: Most Wanted 5-1-0,PSP,25,Racing,Electronic Arts,167,13,2,18,34
641,Dragon Ball Z: Budokai 2,PS2,23,Fighting,Atari,153,22,47,6,65
891,Tetris DX,GB,18,Puzzle,Nintendo,96,59,20,7,17
551,Call of Duty 3,X360,26,Shooter,Activision,139,92,2,27,94
888,Guitar Hero: World Tour,PS3,28,Misc,Activision,100,55,0,27,17
489,Pac-Man Collection,GBA,21,Puzzle,Atari,196,76,5,5,117
148,Final Fantasy XII,PS2,26,Role-Playing,Square Enix,177,0,162,129,311
147,The Last of Us,PS3,33,Action,Sony Computer Entertainment Europe,225,209,27,96,312
722,Sonic Advance,GBA,21,Platform,Sega,109,70,22,13,48
933,Phineas and Ferb,DS,29,Action,Disney Interactive Studios,124,36,0,15,10
741,High School Musical: Makin' the Cut!,DS,27,Puzzle,Disney Interactive Studios,96,90,0,23,44
661,WCW/nWo Revenge,N64,18,Fighting,THQ,183,38,3,2,62
349,Pro Evolution Soccer 2008,PS2,27,Sports,Konami Digital Entertainment,4,0,59,149,175
464,Killzone 2,PS3,29,Shooter,Sony Computer Entertainment,130,106,8,47,124
326,Resident Evil Director's Cut,PS,16,Action,Virgin Interactive,171,123,44,25,186
187,The Legend of Zelda: Phantom Hourglass,DS,27,Action,Nintendo,179,172,87,49,278
124,Red Dead Redemption,PS3,30,Action,Take-Two Interactive,256,226,17,98,331
855,Harry Potter and the Chamber of Secrets,GBA,22,Action,Electronic Arts,111,63,5,9,23
609,Crazy Taxi,PS2,21,Racing,Acclaim Entertainment,103,111,6,22,76
144,Sonic the Hedgehog 2,GEN,12,Platform,Sega,333,119,16,19,313
960,DDRMAX2: Dance Dance Revolution,PS2,23,Simulation,Konami Digital Entertainment,95,58,0,18,5
198,Grand Theft Auto V,XOne,34,Action,Take-Two Interactive,247,190,0,41,272
610,Perfect Dark,N64,20,Action,Nintendo,145,74,16,6,76
280,Madden NFL 2003,PS2,22,Sports,Electronic Arts,289,21,1,56,214
294,Namco Museum Vol.3,PS,16,Misc,Sony Computer Entertainment,214,150,16,6,206
401,Rugrats: Search For Reptar,PS,18,Adventure,THQ,153,148,0,18,151
123,Big Brain Academy,DS,25,Misc,Nintendo,157,233,134,62,332
184,New Super Mario Bros. U,WiiU,32,Platform,Nintendo,218,129,110,31,280
203,Tony Hawk's Pro Skater,PS,19,Sports,Activision,293,136,2,20,269
439,Resident Evil 6,PS3,32,Shooter,Capcom,78,96,80,42,135
247,Nintendo Land,WiiU,32,Misc,Nintendo,237,110,43,33,234
416,Tekken,PS,15,Fighting,Sony Computer Entertainment,85,129,71,22,144
934,Chrono Cross,PS,19,Role-Playing,SquareSoft,52,41,63,12,10
767,SimCity 2000,PC,12,Simulation,Maxis,110,83,0,10,38
908,LEGO Star Wars III: The Clone Wars,Wii,31,Action,LucasArts,98,65,0,17,15
837,Need for Speed: The Run,PS3,31,Action,Electronic Arts,48,105,3,37,28
889,Mortal Kombat II,SNES,13,Fighting,Acclaim Entertainment,138,38,0,6,17
130,Halo: Combat Evolved,XB,21,Shooter,Microsoft Game Studios,340,129,8,7,326
638,Sonic Adventure,DC,18,Platform,Sega,116,60,43,8,66
403,English Training: Have Fun Improving Your Skills!,DS,26,Misc,Nintendo,0,98,161,2,150
786,Mortal Kombat,X360,31,Fighting,Warner Bros. Interactive Entertainment,153,33,0,15,35
772,Far Cry: Primal,PS4,36,Action,Ubisoft,49,115,6,33,37
737,Guitar Hero II,X360,27,Misc,Activision,190,2,0,17,44
915,Yu-Gi-Oh! Forbidden Memories,PS,19,Role-Playing,Konami Digital Entertainment,127,43,0,8,12
220,FIFA 15,PS3,34,Sports,Electronic Arts,47,247,4,102,256
642,ATV Offroad Fury,PS2,21,Racing,Sony Computer Entertainment,196,26,0,8,65
917,Hot Shots Golf 2,PS,19,Sports,Sony Computer Entertainment,21,12,126,3,12
754,Final Fantasy XIII,X360,30,Role-Playing,Square Enix,117,67,1,20,41
808,Warcraft: Orcs & Humans,PC,14,Strategy,Activision,79,107,0,11,32
921,Star Fox Adventures,GC,22,Adventure,Nintendo,86,52,29,9,11
625,Rock Band,X360,37,Misc,Electronic Arts,182,34,0,21,72
876,Star Wars: Dark Forces,PC,14,Shooter,LucasArts,99,76,0,9,19
762,FIFA 15,XOne,34,Sports,Electronic Arts,50,139,0,14,39
387,Battlefield 4,PS4,33,Shooter,Electronic Arts,124,149,17,38,158
974,Dragon Quest Monsters: Joker,DS,26,Role-Playing,Square Enix,19,3,127,3,2
510,F-Zero,SNES,10,Racing,Nintendo,127,50,81,7,108
268,Warcraft II: Tides of Darkness,PC,15,Strategy,Activision,160,208,0,23,219
821,SoulCalibur II,PS2,23,Fighting,Namco Bandai Games,96,61,13,25,30
442,Spider-Man,PS,20,Action,Activision,160,124,2,16,133
497,Sega Superstars Tennis,X360,28,Sports,Sega,165,85,0,28,113
113,FIFA 14,PS3,33,Sports,Electronic Arts,68,272,7,128,340
693,Guild Wars 2,PC,32,Action,NCSoft,85,105,0,29,54
233,The Legend of Zelda: The Wind Waker,GC,22,Action,Nintendo,242,98,81,13,244
871,Kirby Squeak Squad,DS,26,Platform,Nintendo,69,3,95,8,20
608,Space Invaders,2600,37,Shooter,Atari,221,14,0,3,77
673,LEGO Harry Potter: Years 1-4,DS,30,Action,Warner Bros. Interactive Entertainment,97,104,0,23,59
374,Assassin's Creed: Brotherhood,X360,30,Action,Ubisoft,259,38,3,24,164
983,Wii Party U,WiiU,33,Misc,Nintendo,26,53,78,8,1
844,Madden NFL 15,X360,34,Sports,Electronic Arts,166,9,0,17,26
234,Mario & Sonic at the Olympic Winter Games,Wii,29,Sports,Sega,178,188,22,48,243
787,Parasite Eve,PS,18,Role-Playing,SquareSoft,84,7,95,4,34
678,WWE SmackDown vs Raw 2008,PS2,27,Fighting,THQ,82,0,1,119,58
318,Namco Museum Vol.1,PS,15,Misc,Sony Computer Entertainment,201,142,22,6,192
649,Theme Hospital,PC,17,Strategy,Electronic Arts,216,10,0,0,64
411,Destiny,XOne,34,Shooter,Activision,202,91,0,23,147
900,The Sims: Makin' Magic,PC,23,Simulation,Electronic Arts,93,79,0,9,16
711,Wario Land 4,GBA,21,Platform,Nintendo,80,72,50,9,50
359,WWF SmackDown!,PS,20,Fighting,THQ,190,133,6,16,170
259,Asteroids,2600,0,Shooter,Atari,314,26,0,5,225
746,Donkey Kong Country,GB,20,Platform,Nintendo,94,71,29,13,43
628,uDraw Studio,Wii,30,Misc,THQ,157,57,0,20,70
633,Halo: Combat Evolved Anniversary,X360,31,Shooter,Microsoft Game Studios,134,72,4,22,68
283,Super Mario World 2: Yoshi's Island,SNES,15,Platform,Nintendo,155,60,140,9,213
377,Clubhouse Games,DS,26,Misc,Nintendo,49,172,67,35,164
385,Borderlands,X360,29,Shooter,Take-Two Interactive,223,72,3,29,159
225,The Simpsons: Hit & Run,PS2,23,Racing,Vivendi Games,163,202,0,79,251
955,Namco Museum,PS2,21,Misc,Namco Bandai Games,163,7,0,2,6
816,The Sims 3,PS3,30,Simulation,Electronic Arts,63,96,2,34,30
473,Star Fox,SNES,13,Shooter,Nintendo,151,50,74,7,122
348,FIFA Soccer 10,PS3,29,Sports,Electronic Arts,50,220,5,52,175
506,Call of Duty: Ghosts,XOne,33,Shooter,Activision,176,76,0,22,109
640,pro evolution soccer 2011,PS3,30,Sports,Konami Digital Entertainment,24,117,50,41,66
989,Metroid II: Return of Samus,GB,11,Adventure,Nintendo,75,31,52,4,0
930,SingStar,PS2,24,Misc,Sony Computer Entertainment,0,135,0,49,10
907,Destiny: The Taken King,PS4,35,Shooter,Activision,67,77,4,31,15
620,Mortal Kombat: Deadly Alliance,PS2,22,Fighting,Midway Games,170,51,0,15,73
857,SimCity,SNES,11,Simulation,Nintendo,83,27,69,4,22
805,Mario Party 5,GC,23,Misc,Nintendo,87,33,67,6,32
646,Madden NFL 16,XOne,35,Sports,Electronic Arts,196,8,0,26,64
848,LEGO Marvel Super Heroes,PS3,33,Action,Warner Bros. Interactive Entertainment,67,84,1,37,24
557,LEGO Star Wars II: The Original Trilogy,PS2,26,Action,LucasArts,174,63,1,19,92
959,The Evil Within,PS4,34,Action,Bethesda Softworks,45,83,11,31,5
578,Pac-Man: Adventures in Time,PSP,26,Fighting,Sony Computer Entertainment,66,109,12,65,86
797,Wipeout: The Game,Wii,29,Misc,Mindscape,186,0,0,12,33
86,Mario & Sonic at the Olympic Games,Wii,27,Sports,Sega,240,266,61,90,365
243,Dragon Quest VII: Warriors of Eden,PS,20,Role-Playing,Enix Corporation,16,14,204,2,236
700,Just Dance 2015,Wii,34,Misc,Ubisoft,101,97,0,20,52
160,Batman: Arkham City,PS3,31,Action,Warner Bros. Interactive Entertainment,249,180,11,80,300
525,WWE SmackDown! Here Comes the Pain,PS2,23,Fighting,THQ,122,105,4,38,103
36,Call of Duty: Black Ops II,X360,32,Shooter,Activision,373,271,7,105,413
541,Tekken 6,PS3,29,Fighting,Namco Bandai Games,110,97,17,43,101
171,Dr. Mario,GB,9,Puzzle,Nintendo,206,95,149,20,290
656,Batman: Arkham Origins,PS3,33,Action,Warner Bros. Interactive Entertainment,97,86,4,40,63
892,Mortal Kombat vs. DC Universe,X360,28,Fighting,Midway Games,143,24,0,16,17
859,Resident Evil 6,X360,32,Shooter,Capcom,101,62,7,16,22
849,Fire Emblem: Awakening,3DS,32,Role-Playing,Nintendo,79,44,49,13,24
946,2 Games in 1: Sonic Advance & ChuChu Rocket!,GBA,25,Misc,THQ,121,48,0,3,7
735,Rock Band 2,X360,28,Misc,Electronic Arts,168,24,0,18,44
96,Crash Bandicoot 2: Cortex Strikes Back,PS,17,Platform,Sony Computer Entertainment,306,201,113,31,356
564,Final Fantasy XIII-2,PS3,31,Role-Playing,Square Enix,68,74,81,26,91
241,Madden NFL 07,PS2,26,Sports,Electronic Arts,300,24,1,61,238
744,Star Wars: Knights of the Old Republic,XB,23,Role-Playing,Activision,158,43,0,8,43
575,Star Wars: Shadows of the Empire,N64,16,Action,Nintendo,189,49,12,3,88
692,LEGO Marvel Super Heroes,X360,33,Action,Warner Bros. Interactive Entertainment,114,84,0,21,54
461,Epic Mickey,Wii,30,Platform,Disney Interactive Studios,195,63,12,22,126
554,Mortal Kombat X,PS4,35,Fighting,Warner Bros. Interactive Entertainment,137,75,0,47,93
890,Virtua Fighter 2,SAT,15,Fighting,Sega,28,26,112,3,17
207,Link's Crossbow Training,Wii,27,Shooter,Nintendo,274,117,28,46,267
393,FIFA Soccer 2003,PS2,22,Sports,Electronic Arts,36,209,5,61,155
796,NBA 2K11,X360,30,Action,Take-Two Interactive,173,12,1,13,33
398,WWF War Zone,PS,18,Fighting,Acclaim Entertainment,229,75,0,13,152
768,Demon Attack,2600,1,Shooter,Imagic,188,12,0,2,37
850,DriveClub,PS4,34,Racing,Sony Computer Entertainment,29,130,2,33,24
218,StarCraft II: Wings of Liberty,PC,30,Strategy,Activision,238,161,0,59,257
5,Pokemon Red/Pokemon Blue,GB,16,Role-Playing,Nintendo,387,295,222,95,443
770,Tetris DS,DS,26,Puzzle,Nintendo,54,7,117,8,37
643,Dino Crisis,PS,18,Action,Capcom,71,75,64,14,65
931,LittleBigPlanet 3,PS4,34,Platform,Sony Computer Entertainment,54,91,1,29,10
613,Tomb Raider (2013),PS3,33,Action,Square Enix,50,130,8,52,75
740,Sonic Unleashed,Wii,28,Platform,Sega,118,67,2,21,44
547,Assassin's Creed IV: Black Flag,PS4,33,Action,Ubisoft,97,130,6,31,97
727,New Super Luigi U,WiiU,33,Platform,Nintendo,117,61,18,16,46
685,Mario Tennis,N64,20,Sports,Nintendo,68,39,96,7,56
99,Call of Duty: World at War,X360,28,Shooter,Activision,338,179,0,69,353
806,Ghostbusters: The Video Game (DS Version),PS3,30,Action,Take-Two Interactive,49,98,13,36,32
729,Scribblenauts,DS,29,Puzzle,Warner Bros. Interactive Entertainment,161,32,2,18,46
574,Super Mario Bros.: The Lost Levels,NES,6,Platform,Nintendo,0,0,175,0,88
407,Star Wars Episode III: Revenge of the Sith,PS2,25,Action,LucasArts,137,137,3,43,149
503,Syphon Filter,PS,19,Shooter,Sony Computer Entertainment,192,71,2,11,111
48,Gran Turismo 4,PS2,24,Racing,Sony Computer Entertainment,270,1,100,153,401
33,Pokemon X/Pokemon Y,3DS,33,Role-Playing,Nintendo,344,268,209,79,416
781,PES 2009: Pro Evolution Soccer,PS3,28,Sports,Konami Digital Entertainment,9,132,38,26,35
841,NBA Live 2004,PS2,23,Sports,Electronic Arts,147,18,0,27,27
201,Super Mario Bros.,GB,19,Platform,Nintendo,292,129,15,22,271
135,Red Dead Redemption,X360,30,Action,Take-Two Interactive,304,186,9,57,321
28,Brain Age 2: More Training in Minutes a Day,DS,25,Puzzle,Nintendo,294,282,214,109,420
882,Alleyway,GB,9,Puzzle,Nintendo,86,37,51,5,18
231,Guitar Hero III: Legends of Rock,Wii,27,Misc,Activision,274,111,0,44,246
490,Mass Effect,X360,27,Role-Playing,Microsoft Game Studios,172,79,3,27,116
774,Final Fantasy III,DS,26,Role-Playing,Square Enix,81,5,97,9,36
379,Star Wars Battlefront (2015),XOne,35,Shooter,Electronic Arts,183,121,2,31,163
289,World of Warcraft: The Burning Crusade,PC,27,Role-Playing,Activision,239,147,0,0,210
419,Madden NFL 16,PS4,35,Sports,Electronic Arts,219,30,0,59,142
676,Midnight Club: Los Angeles,X360,28,Racing,Take-Two Interactive,158,45,1,20,59
392,F-1 Race,GB,10,Racing,Nintendo,163,68,55,40,156
593,LittleBigPlanet,PSP,29,Platform,Sony Computer Entertainment,54,123,1,69,81
499,Need for Speed: Most Wanted,PS3,32,Racing,Electronic Arts,61,146,6,61,112
139,Driver,PS,19,Action,GT Interactive,276,235,2,33,317
63,Halo: Reach,X360,30,Shooter,Microsoft Game Studios,370,187,8,78,386
472,Middle-Earth: Shadow of Mordor,PS4,34,Action,Warner Bros. Interactive Entertainment,91,139,5,53,122
648,Pro Wrestling,NES,7,Fighting,Nintendo,67,18,122,3,64
129,Assassin's Creed III,PS3,32,Action,Ubisoft,245,225,16,107,327
978,Just Cause 2,PS3,30,Action,Square Enix,35,93,6,33,2
521,Finding Nemo,GBA,23,Action,THQ,149,104,4,14,105
840,Just Dance 3,X360,31,Misc,Ubisoft,137,39,0,16,27
964,Guitar Hero: World Tour,PS2,28,Misc,Activision,90,3,0,77,4
65,New Super Mario Bros. 2,3DS,32,Platform,Nintendo,302,244,169,63,384
814,Yu-Gi-Oh! The Eternal Duelist Soul,GBA,21,Strategy,Konami Digital Entertainment,154,35,0,7,31
15,Wii Fit Plus,Wii,29,Sports,Nintendo,380,294,171,132,433
157,Assassin's Creed II,PS3,29,Action,Ubisoft,236,184,21,86,302
41,Call of Duty: Black Ops,PS3,30,Shooter,Activision,355,273,45,134,408
493,Super Mario World 2: Yoshi's Island,GBA,22,Platform,Nintendo,165,44,57,9,114
380,Battlefield: Bad Company 2,X360,30,Shooter,Electronic Arts,198,101,4,32,162
188,Donkey Kong Country 2: Diddy's Kong Quest,SNES,15,Platform,Nintendo,199,73,158,11,277
765,Mahjong,NES,3,Misc,Nintendo,1,0,156,0,38
217,God of War III,PS3,30,Action,Sony Computer Entertainment,252,134,12,63,258
793,Derby Stallion,PS,17,Sports,ASCII Entertainment,0,0,146,14,33
53,Gran Turismo,PS,17,Racing,Sony Computer Entertainment,316,265,172,52,396
880,Who wants to be a millionaire,PC,19,Misc,Disney Interactive Studios,183,0,0,0,18
338,MySims,DS,27,Simulation,Electronic Arts,149,155,8,41,180
750,Forza Motorsport 5,XOne,33,Racing,Microsoft Game Studios,111,77,1,17,42
721,Dissidia: Final Fantasy,PSP,28,Fighting,Square Enix,41,50,83,32,49
726,Dance Dance Revolution X2,PS2,29,Simulation,Konami Digital Entertainment,99,84,0,28,47
296,Far Cry 4,PS4,34,Shooter,Ubisoft,102,198,10,69,205
703,FIFA Soccer 09,PS2,28,Sports,Electronic Arts,31,7,1,133,52
252,Zelda II: The Adventure of Link,NES,7,Adventure,Nintendo,207,49,135,8,230
728,Prince of Persia: The Sands of Time,PS2,23,Action,Ubisoft,78,102,0,31,46
462,Saints Row 2,X360,28,Action,THQ,183,79,2,27,125
456,Donkey Kong,GB,14,Platform,Nintendo,147,61,51,34,128
998,BioShock Infinite,PS3,33,Shooter,Take-Two Interactive,62,68,4,31,0
817,Tom Clancy's Splinter Cell: Conviction,X360,30,Action,Ubisoft,110,62,4,19,30
864,Devil May Cry 2,PS2,23,Action,Capcom,61,57,47,17,21
270,FIFA Soccer 06,PS2,25,Sports,Electronic Arts,68,224,4,83,219
202,Resident Evil,PS,16,Action,Virgin Interactive,194,115,101,73,270
162,Monster Hunter Freedom Unite,PSP,28,Role-Playing,Capcom,37,56,205,34,298
556,Madden NFL 12,X360,31,Sports,Electronic Arts,226,11,0,16,92
731,Need for Speed: Hot Pursuit,X360,30,Racing,Electronic Arts,93,97,0,21,46
402,Assassin's Creed IV: Black Flag,X360,33,Action,Ubisoft,179,113,1,29,151
704,Star Wars: The Force Unleashed,PS3,28,Action,LucasArts,91,89,0,37,52
477,Animal Crossing: Happy Home Designer,3DS,35,Simulation,Nintendo,37,99,120,12,121
823,Need for Speed: ProStreet,PS3,27,Racing,Electronic Arts,63,91,4,37,29
773,Toy Story 3: The Video Game,DS,30,Action,Disney Interactive Studios,83,96,2,21,36
106,Tekken 3,PS,18,Fighting,Sony Computer Entertainment,286,204,121,29,346
566,Call Of Duty 2: Big Red One,PS2,25,Shooter,Activision,138,91,1,26,90
390,Final Fantasy III,SNES,14,Role-Playing,SquareSoft,76,0,173,2,157
2,Super Mario Bros.,NES,5,Platform,Nintendo,397,259,220,77,446
939,Kingdom Hearts: Chain of Memories,GBA,24,Role-Playing,Square Enix,116,18,33,6,9
984,Madden NFL 25,PS3,33,Sports,Electronic Arts,149,3,0,15,1
562,Yokai Watch 2 Shinuchi,3DS,34,Role-Playing,Level 5,0,0,178,0,91
81,Mario Party 8,Wii,27,Misc,Nintendo,309,211,133,73,370
206,Spyro the Dragon,PS,18,Platform,Sony Computer Entertainment,289,134,7,21,267
35,Call of Duty: Black Ops II,PS3,32,Shooter,Activision,341,286,60,145,414
777,Golf,GB,9,Sports,Nintendo,73,33,84,4,36
509,Mortal Kombat,PS3,31,Fighting,Warner Bros. Interactive Entertainment,187,54,0,32,108
428,Dance Central,X360,30,Misc,MTV Games,204,76,1,26,139
455,The Legend of Zelda: A Link Between Worlds,3DS,33,Action,Nintendo,130,98,43,22,128
367,FIFA Soccer 11,X360,30,Sports,Electronic Arts,61,217,2,40,167
92,Super Mario Galaxy 2,Wii,30,Platform,Nintendo,302,218,90,64,359
340,Tony Hawk's Pro Skater 4,PS2,22,Sports,Activision,202,117,1,35,179
899,Red Faction,PS2,21,Shooter,THQ,66,95,0,20,16
565,Mortal Kombat,GEN,12,Fighting,Arena Entertainment,184,62,0,9,90
346,Jak and Daxter: The Precursor Legacy,PS2,21,Platform,Sony Computer Entertainment,197,108,15,33,176
778,NBA 2K12,PS3,31,Sports,Take-Two Interactive,151,27,5,18,35
242,Spider-Man: The Movie,PS2,22,Action,Activision,250,146,3,23,237
14,Wii Fit,Wii,27,Sports,Nintendo,376,293,195,141,434
316,World Soccer Winning Eleven 8 International,PS2,24,Sports,Konami Digital Entertainment,14,178,102,68,193
601,Madden NFL 08,PS2,27,Sports,Electronic Arts,203,8,0,35,80
388,LittleBigPlanet 2,PS3,31,Platform,Sony Computer Entertainment,171,106,6,47,157
274,Assassin's Creed: Revelations,X360,31,Action,Ubisoft,212,143,4,43,217
167,Call of Duty: World at War,PS3,28,Shooter,Activision,251,176,0,83,293
842,Dead Space,PS3,28,Action,Electronic Arts,95,66,0,30,26
994,Kid Icarus,NES,6,Platform,Nintendo,43,12,99,2,0
647,Tetris Plus,PS,16,Puzzle,JVC,199,24,0,7,64
820,R4: Ridge Racer Type 4,PS,18,Racing,Namco Bandai Games,58,45,73,13,30
485,Wave Race 64,N64,16,Racing,Nintendo,187,57,32,4,117
982,High School Musical: Sing It!,Wii,27,Misc,Disney Interactive Studios,106,44,0,16,1
505,Colin McRae Rally,PS,18,Racing,Codemasters,7,219,12,22,110
833,Rayman Raving Rabbids: TV Party,Wii,28,Misc,Ubisoft,63,108,0,23,28
244,Uncharted: The Nathan Drake Collection,PS4,35,Action,Sony Computer Entertainment,185,162,8,74,236
567,Guitar Hero: World Tour,X360,28,Misc,Activision,168,63,0,25,90
877,NBA Street Vol. 2,PS2,23,Sports,Electronic Arts,159,20,0,6,19
563,Need for Speed: Shift,PS3,29,Racing,Electronic Arts,59,139,4,53,91
688,WarioWare Touched!,DS,24,Puzzle,Nintendo,42,44,108,13,55
190,Mario & Sonic at the Olympic Games,DS,28,Sports,Sega,154,222,41,58,276
784,Rock Band,Wii,37,Misc,MTV Games,125,55,0,20,35
701,Yokai Watch Busters,3DS,35,Action,Level 5,0,0,160,0,52
476,Devil May Cry,PS2,21,Action,Capcom,126,85,59,13,122
683,NBA 2K16,XOne,35,Sports,Take-Two Interactive,182,14,0,24,56
511,Yoshi's Story,N64,17,Platform,Nintendo,119,52,90,5,108
59,Pokemon FireRed/Pokemon LeafGreen,GBA,24,Role-Playing,Nintendo,328,229,189,35,390
475,World Soccer Winning Eleven 6 International,PS2,22,Sports,Konami Digital Entertainment,10,125,105,45,122
561,Burnout 3: Takedown,PS2,24,Racing,Electronic Arts,113,110,0,34,91
858,Battlefield 4,XOne,33,Shooter,Electronic Arts,115,57,0,16,22
749,ATV Offroad Fury 2,PS2,22,Racing,THQ,181,20,0,6,42
253,Need for Speed: Most Wanted,PS2,25,Racing,Electronic Arts,192,170,8,47,229
22,Super Mario Land,GB,9,Platform,Nintendo,386,230,207,42,426
314,Sports Champions,PS3,30,Sports,Sony Computer Entertainment,201,113,10,51,194
460,Far Cry 3,X360,32,Shooter,Ubisoft,128,133,2,28,126
161,Forza Motorsport 3,X360,29,Racing,Microsoft Game Studios,268,181,10,51,299
277,Teenage Mutant Ninja Turtles,NES,9,Action,Palcom,290,43,30,4,216
957,Metroid Prime 3: Corruption,Wii,27,Shooter,Nintendo,81,73,7,9,6
192,Kirby's Dream Land,GB,12,Platform,Nintendo,250,60,138,11,275
386,Tekken 4,PS2,22,Fighting,Namco Bandai Games,145,126,31,29,159
807,Sim Theme Park,PC,18,Strategy,Electronic Arts,193,4,0,0,32
414,Gran Turismo (PSP),PSP,29,Racing,Sony Computer Entertainment,40,154,30,86,146
492,Cooking Mama: Cook Off,Wii,27,Simulation,505 Games,133,112,5,30,114
344,Guitar Hero: World Tour,Wii,28,Misc,Activision,219,96,0,35,177
771,Final Fantasy Tactics Advance,GBA,23,Role-Playing,SquareSoft,72,36,81,5,37
309,Monster Hunter 4 Ultimate,3DS,34,Role-Playing,Nintendo,57,48,174,11,196
663,NBA 2K15,PS4,34,Sports,Take-Two Interactive,136,53,1,37,62
131,Pokémon Emerald Version,GBA,24,Role-Playing,Nintendo,239,153,152,21,325
665,Yu-Gi-Oh! The Duelists of the Roses,PS2,21,Misc,Konami Digital Entertainment,106,90,0,30,62
873,Destiny,X360,34,Shooter,Activision,120,48,0,16,19
100,Battlefield 3,X360,31,Shooter,Electronic Arts,332,199,6,69,352
373,Donkey Kong Country 3: Dixie Kong's Double Trouble!,SNES,16,Platform,Nintendo,107,49,139,8,165
88,Final Fantasy VIII,PS,19,Role-Playing,SquareSoft,214,164,197,23,363
459,Kung Fu Panda,X360,28,Action,Activision,180,83,0,29,127
331,Harry Potter and the Sorcerer's Stone,PS,21,Action,Electronic Arts,127,189,14,22,184
215,Monster Hunter Freedom 3,PSP,30,Role-Playing,Capcom,0,0,213,0,260
467,WWE SmackDown! Shut Your Mouth,PS2,22,Sports,THQ,135,112,7,38,124
122,FIFA 12,PS3,31,Sports,Electronic Arts,74,272,11,120,333
615,PES 2009: Pro Evolution Soccer,PS2,28,Sports,Konami Digital Entertainment,11,7,25,139,74
21,Pokemon Diamond/Pokemon Pearl,DS,26,Role-Playing,Nintendo,360,275,218,117,427
702,Mario Bros.,NES,3,Platform,Nintendo,41,12,136,2,52
72,Donkey Kong Country,SNES,14,Platform,Nintendo,329,163,184,23,377
107,Crash Bandicoot 3: Warped,PS,18,Platform,Sony Computer Entertainment,303,167,122,28,345
271,EyeToy Play,PS2,23,Misc,Sony Computer Entertainment,78,211,20,82,218
862,Spyro: Enter the Dragonfly,PS2,22,Platform,Universal Interactive,64,94,0,28,21
436,Animal Crossing,GC,21,Simulation,Nintendo,181,16,91,9,135
103,Just Dance,Wii,29,Misc,Ubisoft,297,243,0,73,349
